,date,closing,adjusted,evolution,quantity,volume
0,2020-01-04,61.0,61.0,-2.24,452.0,27647.0
1,2020-01-06,65.39,65.39,0.0,0.0,0.0
2,2020-01-07,68.84,68.84,-1.45,2227.0,149765.36
3,2020-01-09,73.0,73.0,0.69,2231.0,162263.05
4,2020-01-10,78.5,78.5,0.0,1389.0,108405.6
5,2020-01-12,81.9,81.9,1.11,281.0,22773.5
6,2020-01-13,73.1,73.1,-2.53,1200.0,89674.8
7,2020-01-14,73.01,73.01,-0.12,1813.0,132700.48
8,2020-01-15,72.68,72.68,-0.45,58.0,4223.69
9,2020-01-16,75.0,75.0,3.19,16205.0,1210316.02
10,2020-01-17,80.0,80.0,6.67,124108.0,9908847.7
11,2020-01-20,77.25,77.25,-3.44,50.0,3830.7
12,2020-01-21,77.4,77.4,0.19,80.0,6192.0
13,2020-01-22,78.5,78.5,1.42,3630.0,284884.33
14,2020-01-23,79.95,79.95,1.85,46366.0,3708931.72
15,2020-01-24,78.91,78.91,-1.3,9806.0,782327.26
16,2020-01-27,78.91,78.91,0.0,0.0,0.0
17,2020-01-28,78.4,78.4,-0.65,12511.0,982100.5
18,2020-01-29,78.4,78.4,0.0,324.0,25401.6
19,2020-01-30,77.5,77.5,-1.15,4520.0,350290.0
20,2020-01-31,79.0,79.0,1.94,13390.0,1037700.0
21,2020-02-01,74.4,74.4,-0.13,4.0,297.6
22,2020-02-03,80.0,80.0,-3.03,600.0,48000.0
23,2020-02-04,61.0,61.0,0.0,389.0,23809.0
24,2020-02-06,68.0,68.0,3.99,63380.0,4309803.0
25,2020-02-07,69.0,69.0,0.23,3185.0,217282.28
26,2020-02-09,73.0,73.0,0.0,0.0,0.0
27,2020-02-10,78.5,78.5,0.0,2074.0,161264.0
28,2020-02-11,80.99,80.99,1.26,350.0,28346.5
29,2020-02-12,81.5,81.5,-0.49,868.0,70492.0
30,2020-02-13,80.95,80.95,3.77,10.0,809.5
31,2020-02-14,83.0,83.0,2.53,18786.0,1539791.24
32,2020-02-17,83.0,83.0,0.0,250.0,20750.0
33,2020-02-18,81.9,81.9,-1.33,670.0,54761.0
34,2020-02-19,79.55,79.55,-2.87,46.0,3668.8
35,2020-02-20,82.0,82.0,3.08,2593.0,209590.0
36,2020-02-21,82.5,82.5,0.61,843.0,69109.1
37,2020-02-24,82.5,82.5,0.0,0.0,0.0
38,2020-02-25,79.4,79.4,-3.76,1480.0,119366.15
39,2020-02-26,79.0,79.0,-0.5,285.0,22485.41
40,2020-02-27,82.4,82.4,4.3,546.0,44761.97
41,2020-02-28,82.5,82.5,0.12,2123.0,175955.3
42,2020-03-01,72.0,72.0,-3.23,545.0,38895.0
43,2020-03-02,78.0,78.0,-1.27,2350.0,183300.0
44,2020-03-03,77.0,77.0,-3.75,462.0,36630.42
45,2020-03-04,58.6,58.6,-3.93,4680.0,274653.0
46,2020-03-06,70.71,70.71,3.99,20.0,1414.2
47,2020-03-07,69.99,69.99,1.43,1561.0,109038.0
48,2020-03-08,69.75,69.75,-0.04,17.0,1185.75
49,2020-03-09,72.0,72.0,-1.37,127.0,9080.0
50,2020-03-11,80.8,80.8,-0.23,150.0,12120.0
51,2020-03-12,81.0,81.0,-0.61,298.0,24138.3
52,2020-03-13,69.0,69.0,4.55,47414.0,3270272.65
53,2020-03-16,62.11,62.11,-9.99,3595.0,238328.74
54,2020-03-17,59.7,59.7,-3.88,1515.0,90788.25
55,2020-03-18,57.32,57.32,-3.99,7803.0,452547.76
56,2020-03-19,58.0,58.0,1.19,11905.0,694403.5
57,2020-03-20,60.3,60.3,3.97,400.0,24120.0
58,2020-03-23,62.71,62.71,4.0,8019.0,502861.29
59,2020-03-24,63.5,63.5,1.26,1635.0,103822.5
60,2020-03-25,62.71,62.71,-1.24,1262.0,79438.6
61,2020-03-26,60.22,60.22,-3.97,2230.0,135105.1
62,2020-03-27,62.5,62.5,3.79,5601.0,350051.08
63,2020-03-30,60.01,60.01,-3.98,1600.0,96016.0
64,2020-03-31,62.4,62.4,3.98,2830.0,176017.6
65,2020-04-02,79.5,79.5,1.92,13643.0,1065748.6
66,2020-04-03,73.51,73.51,-4.53,30791.0,2310667.4
67,2020-04-05,61.0,61.0,-1.61,1739.0,106082.78
68,2020-04-06,72.99,72.99,3.22,17354.0,1259944.14
69,2020-04-08,71.36,71.36,2.31,1282.0,90012.28
70,2020-04-09,70.0,70.0,-2.78,5221.0,366443.45
71,2020-04-11,80.0,80.0,-0.99,592.0,47360.0
72,2020-04-12,81.95,81.95,1.17,870.0,71277.5
73,2020-04-13,59.0,59.0,-0.02,784.0,46261.0
74,2020-04-14,57.5,57.5,-2.54,4200.0,241500.0
75,2020-04-15,57.5,57.5,0.0,47.0,2702.5
76,2020-04-16,58.67,58.67,2.03,19.0,1103.33
77,2020-04-17,56.33,56.33,-3.99,6877.0,387656.42
78,2020-04-20,56.0,56.0,-0.59,2043.0,115311.21
79,2020-04-21,56.0,56.0,0.0,0.0,0.0
80,2020-04-22,56.0,56.0,0.0,0.0,0.0
81,2020-04-23,57.92,57.92,3.43,3050.0,176610.0
82,2020-04-24,58.99,58.99,1.85,111544.0,6680779.52
83,2020-04-27,60.16,60.16,1.98,1700.0,102032.0
84,2020-04-28,60.16,60.16,0.0,0.0,0.0
85,2020-04-29,60.0,60.0,-0.27,200001.0,12000132.2
86,2020-04-30,62.0,62.0,3.33,80749.0,4845249.5
87,2020-05-02,80.0,80.0,0.63,19761.0,1579602.79
88,2020-05-03,77.0,77.0,4.75,450.0,34350.0
89,2020-05-05,62.5,62.5,2.46,7160.0,431183.97
90,2020-05-06,71.0,71.0,-2.73,5537.0,391930.66
91,2020-05-08,71.1,71.1,-0.36,393.0,28054.45
92,2020-05-10,77.5,77.5,-1.27,159.0,12361.5
93,2020-05-11,81.0,81.0,1.25,2394.0,194376.9
94,2020-05-13,63.49,63.49,-0.75,6.0,380.98
95,2020-05-14,63.5,63.5,0.02,47.0,2984.15
96,2020-05-15,63.0,63.0,-0.79,2688.0,170085.5
97,2020-05-18,63.9,63.9,1.43,30.0,1917.0
98,2020-05-19,63.0,63.0,-1.41,5134.0,327997.16
99,2020-05-20,64.2,64.2,1.9,3527.0,226402.4
100,2020-05-21,63.2,63.2,-1.56,620.0,39184.0
101,2020-05-22,65.0,65.0,2.85,7443.0,483929.71
102,2020-05-26,66.3,66.3,2.0,6809.0,451962.6
103,2020-05-27,64.0,64.0,1.59,1147.0,73421.1
104,2020-05-28,65.5,65.5,2.34,4358.0,279788.0
105,2020-05-29,65.39,65.39,-0.17,406.0,26059.94
106,2020-06-01,70.1,70.1,-2.64,120.0,8524.65
107,2020-06-02,79.0,79.0,-1.25,1680.0,132119.8
108,2020-06-03,69.5,69.5,-9.74,157620.0,10955450.0
109,2020-06-04,58.5,58.5,-0.17,1650.0,96708.9
110,2020-06-05,62.9,62.9,0.64,561.0,35283.85
111,2020-06-07,69.99,69.99,0.0,0.0,0.0
112,2020-06-08,70.0,70.0,-1.55,1060.0,74161.0
113,2020-06-10,78.5,78.5,1.29,622.0,48802.23
114,2020-06-15,68.0,68.0,0.0,70.0,4760.0
115,2020-06-16,68.5,68.5,0.74,4429.0,297759.89
116,2020-06-17,71.23,71.23,3.99,9855.0,692481.03
117,2020-06-18,70.99,70.99,-0.34,4910.0,355171.28
118,2020-06-19,71.9,71.9,1.28,3010.0,216481.62
119,2020-06-22,71.9,71.9,0.0,200.0,14380.0
120,2020-06-23,70.7,70.7,-1.67,4151.0,289751.2
121,2020-06-24,70.8,70.8,0.14,821.0,56742.6
122,2020-06-25,71.0,71.0,0.28,2216.0,156093.68
123,2020-06-26,71.0,71.0,0.0,0.0,0.0
124,2020-06-29,71.0,71.0,0.0,500.0,35497.9
125,2020-06-30,69.85,69.85,-1.62,3606.0,249552.91
126,2020-07-01,70.0,70.0,-0.14,70.0,4900.0
127,2020-07-02,80.0,80.0,1.27,5289.0,423164.85
128,2020-07-04,59.0,59.0,0.85,2422.0,141906.0
129,2020-07-05,63.74,63.74,1.34,1580.0,99052.5
130,2020-07-07,68.5,68.5,-2.13,60.0,4080.0
131,2020-07-08,72.0,72.0,2.86,305.0,21703.55
132,2020-07-09,71.5,71.5,2.14,1.0,71.5
133,2020-07-10,79.5,79.5,1.27,3171.0,249923.89
134,2020-07-12,81.25,81.25,-0.85,550.0,44612.5
135,2020-07-13,69.75,69.75,0.0,0.0,0.0
136,2020-07-14,69.0,69.0,-1.08,70.0,4830.0
137,2020-07-15,69.0,69.0,0.0,0.0,0.0
138,2020-07-16,69.0,69.0,0.0,0.0,0.0
139,2020-07-17,69.69,69.69,1.0,200.0,13921.28
140,2020-07-20,69.69,69.69,0.0,440.0,30652.84
141,2020-07-21,69.69,69.69,0.0,0.0,0.0
142,2020-07-22,69.0,69.0,-0.99,10000.0,690000.0
143,2020-07-23,69.5,69.5,0.72,1870.0,129780.27
144,2020-07-24,69.5,69.5,0.0,3994.0,275520.95
145,2020-07-27,69.0,69.0,-0.72,9946.0,686274.49
146,2020-07-28,69.79,69.79,1.14,1085.0,75539.3
147,2020-07-29,69.78,69.78,-0.01,220.0,15316.2
148,2020-08-01,71.0,71.0,1.43,30410.0,2158350.2
149,2020-08-04,60.99,60.99,3.37,70.0,4119.9
150,2020-08-05,63.9,63.9,0.25,300.0,19170.0
151,2020-08-06,71.0,71.0,0.0,1050.0,74478.5
152,2020-08-07,69.79,69.79,1.88,404.0,27943.68
153,2020-08-09,71.4,71.4,-0.14,140.0,9995.11
154,2020-08-10,80.5,80.5,1.26,10174.0,813722.25
155,2020-08-12,80.0,80.0,-1.54,1977.0,158169.1
156,2020-08-13,70.0,70.0,-1.41,1725.0,118030.15
157,2020-08-17,72.0,72.0,2.86,1300.0,92600.0
158,2020-08-18,72.0,72.0,0.0,1586.0,113986.8
159,2020-08-19,71.0,71.0,-1.39,5495.0,390361.9
160,2020-08-24,72.99,72.99,2.8,209.0,15146.56
161,2020-08-25,72.5,72.5,-0.67,397.0,28659.93
162,2020-08-26,73.4,73.4,1.24,15.0,1096.6
163,2020-08-27,72.39,72.39,-1.38,100.0,7239.0
164,2020-08-28,72.5,72.5,0.15,919.0,66325.75
165,2020-08-31,72.5,72.5,0.0,306.0,22158.4
166,2020-09-01,73.0,73.0,2.82,1242.0,90299.65
167,2020-09-03,68.0,68.0,-2.16,3183.0,218820.88
168,2020-09-04,61.3,61.3,0.51,1308.0,80178.0
169,2020-09-06,68.18,68.18,-3.97,4877.0,335115.73
170,2020-09-07,69.79,69.79,0.0,0.0,0.0
171,2020-09-09,72.5,72.5,1.54,123232.0,8639641.9
172,2020-09-10,81.0,81.0,0.62,4.0,322.5
173,2020-09-11,81.9,81.9,1.11,198.0,16022.4
174,2020-09-12,80.0,80.0,0.0,463.0,36923.8
175,2020-09-14,76.5,76.5,3.38,2916.0,221079.2
176,2020-09-15,77.5,77.5,1.31,1763.0,137116.2
177,2020-09-16,78.0,78.0,0.65,102.0,7935.03
178,2020-09-17,77.03,77.03,-1.24,149.0,11477.47
179,2020-09-18,76.0,76.0,-1.34,1913.0,145418.25
180,2020-09-21,76.9,76.9,1.18,991.0,74566.32
181,2020-09-22,76.0,76.0,-1.17,1787.0,135855.5
182,2020-09-23,77.3,77.3,1.71,130.0,9949.0
183,2020-09-24,77.0,77.0,-0.39,1011.0,77852.0
184,2020-09-25,77.5,77.5,0.65,257.0,19976.98
185,2020-09-28,78.7,78.7,1.55,1140.0,89718.0
186,2020-09-29,78.0,78.0,-0.89,830.0,64165.52
187,2020-09-30,78.5,78.5,0.64,942.0,73616.0
188,2020-10-01,75.0,75.0,2.74,8945.0,663219.43
189,2020-10-02,78.0,78.0,-2.5,140.0,10889.05
190,2020-10-03,73.3,73.3,7.79,3775.0,274154.34
191,2020-10-04,59.01,59.01,-3.74,3048.0,180006.6
192,2020-10-06,69.0,69.0,1.2,1415.0,96955.3
193,2020-10-07,69.75,69.75,-0.06,86.0,5986.0
194,2020-10-08,70.0,70.0,-2.78,1435.0,100456.2
195,2020-10-09,72.38,72.38,-0.17,320.0,23135.2
196,2020-10-11,80.0,80.0,-2.32,70.0,5600.0
197,2020-10-12,80.0,80.0,0.0,450.0,36030.0
198,2020-10-13,79.5,79.5,1.15,2062.0,162835.34
199,2020-10-14,80.5,80.5,1.26,997.0,79653.0
200,2020-10-15,79.9,79.9,-0.75,550.0,44305.0
201,2020-10-16,80.5,80.5,0.75,2780.0,222629.5
202,2020-10-19,80.0,80.0,-0.62,360.0,28800.0
203,2020-10-20,79.0,79.0,-1.25,1915.0,152148.72
204,2020-10-21,80.0,80.0,1.27,301.0,24006.0
205,2020-10-22,79.95,79.95,-0.06,3086.0,244718.45
206,2020-10-23,80.0,80.0,0.06,3130.0,250049.4
207,2020-10-26,80.0,80.0,0.0,380.0,30366.79
208,2020-10-27,79.98,79.98,-0.03,640.0,50565.87
209,2020-10-28,79.98,79.98,0.0,492.0,38812.38
210,2020-11-02,78.01,78.01,0.01,20.0,1560.2
211,2020-11-03,73.3,73.3,0.0,900.0,65450.0
212,2020-11-05,63.9,63.9,0.0,0.0,0.0
213,2020-11-06,68.0,68.0,-1.45,611.0,41516.0
214,2020-11-08,70.0,70.0,0.0,0.0,0.0
215,2020-11-09,74.0,74.0,2.24,25218.0,1849630.8
216,2020-11-11,80.0,80.0,0.0,10020.0,801584.7
217,2020-11-12,80.0,80.0,0.0,872.0,70260.0
218,2020-11-13,82.5,82.5,0.0,401.0,33080.86
219,2020-11-16,82.5,82.5,0.0,602.0,49259.94
220,2020-11-17,80.86,80.86,-1.99,20.0,1622.9
221,2020-11-19,82.0,82.0,1.41,425.0,34850.0
222,2020-11-20,82.29,82.29,0.35,2373.0,195273.0
223,2020-11-23,82.17,82.17,-0.15,3.0,246.51
224,2020-11-24,82.17,82.17,0.0,340.0,27937.8
225,2020-11-25,81.98,81.98,-0.23,1160.0,94865.5
226,2020-11-26,81.97,81.97,-0.01,1060.0,86130.0
227,2020-11-27,81.9,81.9,-0.09,3109.0,254623.5
228,2020-11-30,81.0,81.0,-1.1,145.0,11757.6
229,2020-12-02,78.01,78.01,0.0,90.0,7020.4
230,2020-12-03,66.0,66.0,-9.96,7446.0,501324.1
231,2020-12-05,63.97,63.97,0.11,53.0,3401.91
232,2020-12-06,68.0,68.0,0.0,1620.0,110040.0
233,2020-12-08,71.0,71.0,1.43,1221.0,84670.9
234,2020-12-10,78.6,78.6,-2.96,1790.0,140866.95
235,2020-12-11,82.5,82.5,3.13,318.0,26164.2
236,2020-12-14,80.0,80.0,0.0,319.0,25570.0
237,2020-12-15,80.5,80.5,0.63,910.0,73150.0
238,2020-12-16,80.5,80.5,0.0,0.0,0.0
239,2020-12-17,83.0,83.0,3.11,16739.0,1373807.31
240,2020-12-18,82.9,82.9,-0.12,2200.0,182497.0
241,2020-12-21,80.4,80.4,-3.02,1855.0,149029.69
242,2020-12-22,80.2,80.2,-0.25,100.0,8020.0
243,2020-12-23,81.8,81.8,2.0,8500.0,680788.73
244,2020-12-24,82.0,82.0,0.24,9350.0,749334.78
245,2020-12-25,79.6,79.6,-2.93,26337.0,2139016.27
246,2020-12-28,81.0,81.0,1.76,650.0,52650.0
247,2020-12-29,80.5,80.5,-0.62,174.0,13999.05
248,2020-12-30,82.0,82.0,1.86,9475.0,770880.6
249,2020-12-31,82.0,82.0,0.0,7560.0,619875.9
250,2021-01-02,79.0,79.0,-0.13,235.0,18606.04
251,2021-01-03,79.6,79.6,0.0,0.0,0.0
252,2021-01-04,91.49,91.49,-0.45,2704.0,244230.14
253,2021-01-06,95.5,95.5,0.53,26022.0,2505947.79
254,2021-01-07,92.52,92.52,-0.52,1884.0,174459.82
255,2021-01-09,95.0,95.0,-0.11,887.0,84292.0
256,2021-01-10,105.55,105.55,3.99,174659.0,18135803.4
257,2021-01-11,117.5,117.5,-1.18,3312.0,389953.05
258,2021-01-12,115.0,115.0,0.88,1019.0,117091.1
259,2021-01-13,81.0,81.0,-1.22,220.0,17822.75
260,2021-01-14,81.0,81.0,0.0,15.0,1215.05
261,2021-01-15,81.9,81.9,1.11,850.0,69486.68
262,2021-01-18,80.01,80.01,-2.31,40.0,3224.05
263,2021-01-19,80.0,80.0,-0.01,44598.0,3577840.0
264,2021-01-20,80.0,80.0,0.0,1100.0,87620.5
265,2021-01-21,80.99,80.99,1.24,1425.0,113237.16
266,2021-01-22,77.77,77.77,-3.98,26429.0,2058435.28
267,2021-01-25,79.0,79.0,1.58,157.0,12417.6
268,2021-01-26,78.44,78.44,-0.71,73910.0,5908685.6
269,2021-01-27,78.0,78.0,-0.56,1759.0,137682.13
270,2021-01-28,79.97,79.97,2.53,6021.0,473010.97
271,2021-01-29,79.1,79.1,-1.09,5742.0,454995.86
272,2021-02-02,79.0,79.0,0.0,1754.0,138378.19
273,2021-02-03,77.56,77.56,-2.56,20.0,1551.2
274,2021-02-04,91.44,91.44,-0.05,22490.0,2034937.0
275,2021-02-06,96.5,96.5,1.05,103.0,9913.05
276,2021-02-07,93.5,93.5,1.06,4465.0,415968.63
277,2021-02-08,92.97,92.97,-0.02,111.0,10246.64
278,2021-02-09,95.0,95.0,0.0,1699.0,161402.98
279,2021-02-11,117.5,117.5,0.0,1740.0,204480.0
280,2021-02-12,115.0,115.0,0.0,2076.0,238354.3
281,2021-02-15,79.3,79.3,-2.1,40.0,3172.0
282,2021-02-16,79.53,79.53,0.29,20060.0,1594770.6
283,2021-02-17,79.41,79.41,-0.15,2780.0,220930.05
284,2021-02-18,79.8,79.8,0.49,240.0,19149.0
285,2021-02-19,79.8,79.8,0.0,352.0,28044.1
286,2021-02-22,77.0,77.0,-3.51,159.0,12390.52
287,2021-02-23,77.64,77.64,0.83,7920.0,615559.6
288,2021-02-24,78.5,78.5,1.11,170.0,13329.0
289,2021-02-25,78.5,78.5,0.0,0.0,0.0
290,2021-02-26,79.6,79.6,1.4,722.0,56523.45
291,2021-03-02,78.15,78.15,-1.08,183.0,14454.45
292,2021-03-03,79.48,79.48,2.48,220.0,17212.45
293,2021-03-05,93.5,93.5,0.0,250.0,23259.0
294,2021-03-06,98.5,98.5,2.07,4062.0,395966.51
295,2021-03-08,94.32,94.32,1.45,2006.0,185560.82
296,2021-03-09,96.0,96.0,1.05,2258.0,215086.91
297,2021-03-11,117.9,117.9,0.34,1193.0,140000.7
298,2021-03-12,114.5,114.5,-0.43,28224.0,3233317.3
299,2021-03-15,78.2,78.2,-1.51,700.0,54748.18
300,2021-03-16,78.02,78.02,-0.23,1860.0,145593.22
301,2021-03-17,80.0,80.0,2.54,1645.0,130871.8
302,2021-03-18,80.5,80.5,0.63,301.0,24290.5
303,2021-03-19,83.71,83.71,3.99,2117.0,177214.07
304,2021-03-22,87.05,87.05,3.99,152119.0,13241958.95
305,2021-03-23,90.53,90.53,4.0,27431.0,2483328.43
306,2021-03-24,90.0,90.0,-0.59,115823.0,10422836.1
307,2021-03-25,90.0,90.0,0.0,141.0,12596.31
308,2021-03-26,90.99,90.99,1.1,15016.0,1364823.18
309,2021-03-29,91.0,91.0,0.01,11829.0,1070960.23
310,2021-03-30,91.97,91.97,1.07,2938.0,268756.48
311,2021-03-31,91.9,91.9,-0.08,400.0,36488.0
312,2021-04-01,82.0,82.0,0.0,0.0,0.0
313,2021-04-02,81.0,81.0,3.65,1600.0,127944.1
314,2021-04-03,79.5,79.5,0.03,256.0,20088.2
315,2021-04-05,93.5,93.5,0.0,45781.0,4280773.7
316,2021-04-06,98.45,98.45,-0.05,2802.0,275459.15
317,2021-04-08,94.0,94.0,-0.34,3192.0,299822.76
318,2021-04-10,109.75,109.75,3.98,13593.0,1479964.2
319,2021-04-11,117.0,117.0,-0.76,1171.0,135774.3
320,2021-04-13,90.88,90.88,-0.13,105.0,9522.6
321,2021-04-14,91.0,91.0,0.13,38734.0,3524335.64
322,2021-04-15,91.0,91.0,0.0,110.0,10010.0
323,2021-04-16,90.52,90.52,-0.53,955.0,86398.85
324,2021-04-19,90.31,90.31,-0.23,20.0,1806.2
325,2021-04-20,91.0,91.0,0.76,755.0,68555.0
326,2021-04-21,93.0,93.0,2.2,70660.0,6571221.0
327,2021-04-22,93.0,93.0,0.0,31546.0,2933767.4
328,2021-04-23,92.0,92.0,-1.08,4795.0,441160.25
329,2021-04-26,91.2,91.2,-0.87,639.0,58276.55
330,2021-04-27,92.0,92.0,0.88,41051.0,3776555.5
331,2021-04-28,93.0,93.0,1.09,1149.0,106708.0
332,2021-04-29,94.0,94.0,1.08,6170.0,575385.5
333,2021-04-30,93.5,93.5,-0.53,2917.0,274292.5
334,2021-05-01,82.0,82.0,0.0,1000.0,82000.0
335,2021-05-02,80.0,80.0,-1.23,3101.0,248081.0
336,2021-05-03,79.5,79.5,0.0,0.0,0.0
337,2021-05-04,90.5,90.5,-1.03,2705.0,244771.35
338,2021-05-05,94.7,94.7,1.28,555.0,51936.0
339,2021-05-07,92.0,92.0,-1.6,811.0,75134.8
340,2021-05-08,93.98,93.98,-0.02,484.0,44733.41
341,2021-05-10,114.1,114.1,3.96,4162.0,473512.5
342,2021-05-11,117.0,117.0,0.0,4025.0,470131.2
343,2021-05-17,94.98,94.98,1.58,1229.0,116311.9
344,2021-05-18,94.7,94.7,-0.29,430.0,40631.0
345,2021-05-19,94.73,94.73,0.03,60148.0,5680971.26
346,2021-05-20,94.3,94.3,-0.45,36164.0,3431074.36
347,2021-05-21,93.6,93.6,-0.74,988.0,92483.05
348,2021-05-24,94.96,94.96,1.45,15251.0,1441770.2
349,2021-05-25,94.7,94.7,-0.27,415.0,39268.5
350,2021-05-26,95.5,95.5,0.84,10357.0,982827.53
351,2021-05-27,94.15,94.15,-1.41,13132.0,1246517.6
352,2021-05-28,95.0,95.0,0.9,12558.0,1191242.6
353,2021-05-31,95.0,95.0,0.0,1836.0,176296.23
354,2021-06-01,81.0,81.0,-1.22,432.0,34990.22
355,2021-06-04,91.8,91.8,1.44,325.0,29811.0
356,2021-06-05,95.0,95.0,0.32,6971.0,659338.47
357,2021-06-07,92.86,92.86,0.93,188.0,17211.22
358,2021-06-08,92.5,92.5,-1.57,1505.0,139219.5
359,2021-06-09,96.0,96.0,0.0,1968.0,190469.57
360,2021-06-10,114.0,114.0,-0.09,53566.0,6301428.05
361,2021-06-12,114.9,114.9,0.35,1258.0,143349.7
362,2021-06-14,94.0,94.0,-0.48,24526.0,2302737.04
363,2021-06-15,93.2,93.2,-0.85,1897.0,178273.05
364,2021-06-16,94.49,94.49,1.38,10713.0,1006507.1
365,2021-06-17,94.39,94.39,-0.11,10086.0,951023.62
366,2021-06-18,94.0,94.0,-0.41,14361.0,1348091.76
367,2021-06-21,93.94,93.94,-0.06,1606.0,149367.62
368,2021-06-22,92.56,92.56,-1.47,1259.0,117397.37
369,2021-06-23,94.0,94.0,1.56,3640.0,341556.82
370,2021-06-24,93.1,93.1,-0.96,90.0,8377.0
371,2021-06-25,90.0,90.0,-3.33,29262.0,2708281.47
372,2021-06-28,92.0,92.0,2.22,220.0,20168.0
373,2021-06-29,92.0,92.0,0.0,4552.0,417977.25
374,2021-06-30,93.0,93.0,1.09,405.0,37648.0
375,2021-07-01,80.7,80.7,-0.37,100.0,8095.74
376,2021-07-04,90.31,90.31,-1.62,1624.0,147255.14
377,2021-07-05,94.7,94.7,-0.32,13955.0,1322103.75
378,2021-07-06,98.0,98.0,-0.46,1037.0,101827.16
379,2021-07-07,92.48,92.48,-0.41,13785.0,1274885.25
380,2021-07-09,98.0,98.0,2.08,6103.0,592692.8
381,2021-07-10,113.0,113.0,-0.88,6075.0,689599.05
382,2021-07-12,114.5,114.5,-0.35,30040.0,3439560.0
383,2021-07-13,92.0,92.0,-1.04,76.0,6992.0
384,2021-07-14,92.96,92.96,1.04,20924.0,1925140.88
385,2021-07-15,92.0,92.0,-1.03,1168.0,107594.0
386,2021-07-16,92.88,92.88,0.96,82.0,7472.1
387,2021-07-19,91.1,91.1,-1.92,534.0,48669.02
388,2021-07-20,91.01,91.01,-0.1,79.0,7169.63
389,2021-07-23,92.99,92.99,2.18,2565.0,238369.56
390,2021-07-26,92.99,92.99,0.0,0.0,0.0
391,2021-07-27,92.98,92.98,-0.01,301.0,27977.08
392,2021-07-28,92.88,92.88,-0.11,65.0,5936.71
393,2021-07-29,92.99,92.99,0.12,3096.0,287623.87
394,2021-08-01,81.0,81.0,0.37,48.0,3888.23
395,2021-08-02,80.89,80.89,1.11,63.0,5095.44
396,2021-08-03,79.5,79.5,0.0,0.0,0.0
397,2021-08-04,90.32,90.32,0.01,120.0,10838.2
398,2021-08-06,97.0,97.0,-1.02,45849.0,4469975.2
399,2021-08-07,92.5,92.5,0.02,8034.0,734828.54
400,2021-08-09,99.5,99.5,1.53,2768.0,272770.6
401,2021-08-10,116.9,116.9,3.45,6107.0,700778.85
402,2021-08-11,117.0,117.0,0.0,41.0,4772.05
403,2021-08-12,114.15,114.15,-0.31,380.0,43355.0
404,2021-08-13,93.49,93.49,0.53,19592.0,1822020.98
405,2021-08-16,93.47,93.47,-0.02,121.0,11223.01
406,2021-08-17,93.8,93.8,0.35,1183.0,110986.78
407,2021-08-18,95.88,95.88,2.22,2885.0,273168.53
408,2021-08-19,94.5,94.5,-1.44,908.0,85914.44
409,2021-08-23,94.66,94.66,0.17,269.0,25488.09
410,2021-08-24,95.61,95.61,1.0,1271.0,122361.96
411,2021-08-25,94.0,94.0,-1.68,8010.0,754802.0
412,2021-08-26,96.69,96.69,2.86,64.0,6099.76
413,2021-08-27,94.0,94.0,-2.78,21000.0,1974140.0
414,2021-08-30,94.7,94.7,0.74,42.0,3980.03
415,2021-08-31,95.1,95.1,0.42,8545.0,818817.76
416,2021-09-02,80.05,80.05,-1.04,17093.0,1368294.65
417,2021-09-03,79.5,79.5,0.0,125.0,9937.5
418,2021-09-04,91.0,91.0,0.75,500.0,45500.0
419,2021-09-06,93.01,93.01,0.55,32790.0,3090060.71
420,2021-09-07,92.02,92.02,-0.52,1075.0,98917.46
421,2021-09-08,92.5,92.5,0.0,113.0,10446.1
422,2021-09-09,99.5,99.5,0.0,6146.0,613993.0
423,2021-09-11,116.9,116.9,-0.09,932.0,107787.2
424,2021-09-12,114.0,114.0,-0.13,6757.0,776463.8
425,2021-09-13,102.55,102.55,3.07,2537.0,260513.1
426,2021-09-14,102.85,102.85,0.29,18.0,1851.4
427,2021-09-15,102.5,102.5,-0.34,50.0,5115.0
428,2021-09-16,102.0,102.0,-0.49,2852.0,291046.3
429,2021-09-17,101.95,101.95,-0.05,69264.0,7064683.0
430,2021-09-20,102.0,102.0,0.05,9818.0,992177.9
431,2021-09-21,100.0,100.0,-1.96,14156.0,1420216.0
432,2021-09-22,100.8,100.8,0.8,7220.0,726405.0
433,2021-09-23,101.0,101.0,0.2,10985.0,1108985.0
434,2021-09-24,102.5,102.5,1.49,22861.0,2330722.0
435,2021-09-27,101.9,101.9,-0.59,2244.0,228360.7
436,2021-09-28,101.5,101.5,-0.39,34792.0,3531288.7
437,2021-09-29,101.5,101.5,0.0,30004.0,3045410.0
438,2021-09-30,101.5,101.5,0.0,3636.0,368478.05
439,2021-10-02,81.0,81.0,1.19,241.0,19493.2
440,2021-10-03,79.1,79.1,-0.5,60.0,4746.0
441,2021-10-05,93.99,93.99,-0.75,1532.0,144071.05
442,2021-10-06,93.0,93.0,-0.01,31577.0,2936684.39
443,2021-10-09,99.5,99.5,0.0,10826.0,1075004.8
444,2021-10-11,115.95,115.95,-0.81,6552.0,747092.8
445,2021-10-12,116.0,116.0,1.75,6572.0,760820.5
446,2021-10-13,115.0,115.0,-0.86,6830.0,774365.4
447,2021-10-14,117.7,117.7,2.35,3363.0,386951.45
448,2021-10-15,118.0,118.0,0.25,55751.0,6544357.0
449,2021-10-18,117.75,117.75,-0.21,11215.0,1311186.35
450,2021-10-21,116.8,116.8,-0.81,4697.0,536637.0
451,2021-10-22,116.5,116.5,-0.26,29353.0,3375842.85
452,2021-10-25,117.0,117.0,0.43,6413.0,753419.5
453,2021-10-26,119.0,119.0,1.71,16315.0,1937639.2
454,2021-10-27,121.85,121.85,2.39,3708.0,446054.45
455,2021-10-28,118.5,118.5,-2.75,4338.0,516347.9
456,2021-10-29,118.9,118.9,0.34,10571.0,1249908.6
457,2021-11-02,80.01,80.01,-1.22,60.0,4803.48
458,2021-11-03,79.1,79.1,0.0,0.0,0.0
459,2021-11-05,93.0,93.0,-1.05,14643.0,1366811.5
460,2021-11-06,94.45,94.45,1.56,7246.0,674387.75
461,2021-11-08,93.47,93.47,1.05,70.0,6543.05
462,2021-11-10,113.1,113.1,-3.25,5960.0,677086.8
463,2021-11-11,115.5,115.5,-0.39,1117.0,129029.35
464,2021-11-15,116.4,116.4,1.66,802.0,93056.6
465,2021-11-16,116.5,116.5,0.09,17637.0,2053805.15
466,2021-11-17,115.0,115.0,-1.29,5147.0,592006.55
467,2021-11-19,117.7,117.7,2.35,11281.0,1329343.55
468,2021-11-22,117.9,117.9,0.17,623.0,73453.75
469,2021-11-23,114.7,114.7,-2.71,118.0,13587.1
470,2021-11-24,116.95,116.95,1.96,702.0,81904.0
471,2021-11-25,116.9,116.9,-0.04,1385.0,161430.8
472,2021-11-26,116.0,116.0,-0.77,1081.0,125357.0
473,2021-11-29,114.0,114.0,-1.72,7637.0,870298.55
474,2021-11-30,114.0,114.0,0.0,884.0,100070.6
475,2021-12-01,82.0,82.0,1.23,75.0,6124.15
476,2021-12-02,81.0,81.0,1.24,350.0,28350.0
477,2021-12-03,79.4,79.4,0.38,4521.0,358743.46
478,2021-12-04,91.0,91.0,0.0,1385.0,125569.71
479,2021-12-05,93.5,93.5,0.54,4781.0,445607.11
480,2021-12-07,92.97,92.97,1.03,2238.0,207890.85
481,2021-12-08,93.0,93.0,-0.5,632.0,58752.4
482,2021-12-10,116.0,116.0,2.56,2439.0,278737.15
483,2021-12-11,114.5,114.5,-0.87,1115.0,127935.9
484,2021-12-13,116.0,116.0,0.0,605.0,70330.5
485,2021-12-14,116.1,116.1,0.09,23760.0,2755991.0
486,2021-12-15,116.0,116.0,-0.09,84.0,9708.1
487,2021-12-16,116.0,116.0,0.0,2350.0,272290.5
488,2021-12-17,118.0,118.0,1.72,9634.0,1123587.3
489,2021-12-20,115.0,115.0,-2.54,1285.0,147663.2
490,2021-12-21,114.25,114.25,-0.65,1724.0,197331.55
491,2021-12-22,115.0,115.0,0.66,3524.0,402618.65
492,2021-12-23,117.8,117.8,2.43,8896.0,1015887.0
493,2021-12-24,117.0,117.0,-0.68,5022.0,585013.75
494,2021-12-27,117.6,117.6,0.51,670.0,78067.85
495,2021-12-28,117.0,117.0,-0.51,1301.0,151858.0
496,2021-12-29,114.65,114.65,-2.01,568.0,66262.0
497,2021-12-30,120.0,120.0,4.67,38994.0,4669827.85
498,2021-12-31,122.0,122.0,1.67,41752.0,5091194.0
499,2022-01-02,132.5,132.5,-1.12,1438.0,188676.25
500,2022-01-03,128.0,128.0,-1.54,2430.0,310628.65
501,2022-01-04,131.0,131.0,3.84,11074.0,1430479.85
502,2022-01-06,128.0,128.0,-1.5,89.0,11445.1
503,2022-01-07,123.0,123.0,-2.77,5544.0,683985.5
504,2022-01-08,129.95,129.95,-0.04,47.0,5991.6
505,2022-01-09,130.0,130.0,-1.14,281.0,36453.35
506,2022-01-11,119.7,119.7,2.97,260.0,30840.0
507,2022-01-12,119.95,119.95,0.84,525.0,62882.85
508,2022-01-13,135.85,135.85,-0.48,2291.0,311502.3
509,2022-01-14,136.0,136.0,0.11,7225.0,982152.75
510,2022-01-17,134.0,134.0,-1.47,1907.0,255321.85
511,2022-01-18,135.7,135.7,1.27,2622.0,347629.05
512,2022-01-19,134.2,134.2,-1.11,2269.0,304100.95
513,2022-01-20,132.0,132.0,-1.64,8541.0,1133038.85
514,2022-01-21,135.0,135.0,2.27,5880.0,789071.5
515,2022-01-24,132.5,132.5,-1.85,8788.0,1164317.4
516,2022-01-25,132.5,132.5,0.0,3045.0,400034.35
517,2022-01-26,132.5,132.5,0.0,3302.0,429702.25
518,2022-01-27,132.5,132.5,0.0,2773.0,367021.6
519,2022-01-28,133.4,133.4,0.68,3215.0,427515.0
520,2022-01-31,134.0,134.0,0.45,680.0,91274.8
521,2022-02-02,135.0,135.0,1.89,13956.0,1879689.4
522,2022-02-03,126.5,126.5,-1.17,698.0,88232.15
523,2022-02-06,127.55,127.55,-0.35,5449.0,695910.05
524,2022-02-08,129.9,129.9,-0.04,73.0,9320.65
525,2022-02-09,132.0,132.0,1.54,1082.0,141211.6
526,2022-02-11,116.0,116.0,-3.09,1837.0,213222.9
527,2022-02-14,137.5,137.5,-1.5,7022.0,973390.9
528,2022-02-15,139.95,139.95,1.78,5.0,699.75
529,2022-02-16,136.0,136.0,-2.82,78794.0,10752266.8
530,2022-02-17,137.0,137.0,0.74,2553.0,350747.65
531,2022-02-18,138.0,138.0,0.73,2229.0,304253.6
532,2022-02-21,137.0,137.0,-0.72,895.0,120929.7
533,2022-02-22,134.85,134.85,-1.57,24293.0,3268545.55
534,2022-02-23,134.5,134.5,-0.26,26204.0,3524009.5
535,2022-02-24,126.45,126.45,-5.99,78070.0,9975846.4
536,2022-02-25,129.0,129.0,2.02,38523.0,4955143.6
537,2022-02-28,130.0,130.0,0.78,2040.0,263150.0
538,2022-03-01,120.0,120.0,-1.64,775.0,93590.7
539,2022-03-02,141.8,141.8,5.04,118127.0,16457771.05
540,2022-03-03,120.0,120.0,-5.14,85980.0,10339409.5
541,2022-03-06,129.0,129.0,1.14,7106.0,916679.0
542,2022-03-08,129.7,129.7,-0.15,39.0,4978.65
543,2022-03-10,128.0,128.0,0.79,420.0,52542.0
544,2022-03-11,116.0,116.0,0.0,1141.0,132365.0
545,2022-03-14,134.0,134.0,1.52,1025.0,137372.5
546,2022-03-15,131.0,131.0,-2.24,2838.0,369325.75
547,2022-03-16,128.35,128.35,-2.02,414.0,53228.0
548,2022-03-17,130.05,130.05,1.32,34265.0,4440068.0
549,2022-03-18,131.0,131.0,0.73,25933.0,3459946.65
550,2022-03-21,132.5,132.5,1.15,6172.0,802547.65
551,2022-03-22,131.0,131.0,-1.13,2130.0,279050.0
552,2022-03-23,125.0,125.0,-4.58,13834.0,1753409.2
553,2022-03-24,127.0,127.0,1.6,31454.0,3993036.45
554,2022-03-25,129.0,129.0,1.57,15045.0,1910803.0
555,2022-03-28,127.0,127.0,-1.55,377.0,47698.0
556,2022-03-29,128.9,128.9,1.5,794.0,100014.05
557,2022-03-30,128.0,128.0,-0.7,204.0,26119.2
558,2022-03-31,126.15,126.15,-1.45,7919.0,998954.25
559,2022-04-01,119.15,119.15,-0.71,592.0,70735.0
560,2022-04-02,140.0,140.0,-1.27,72137.0,10110502.75
561,2022-04-03,127.0,127.0,5.83,16699.0,2038251.35
562,2022-04-04,129.0,129.0,-1.53,55.0,7155.05
563,2022-04-05,140.0,140.0,0.72,1496.0,208567.9
564,2022-04-07,119.4,119.4,-2.93,30.0,3582.0
565,2022-04-08,126.0,126.0,-2.85,107.0,13531.1
566,2022-04-10,127.9,127.9,-0.08,9460.0,1210808.0
567,2022-04-11,120.0,120.0,3.45,10360.0,1241935.25
568,2022-04-13,135.0,135.0,0.75,207.0,27915.8
569,2022-04-14,135.0,135.0,0.0,75107.0,10138832.7
570,2022-04-15,136.9,136.9,1.41,13072.0,1764510.0
571,2022-04-18,136.0,136.0,-0.66,560.0,75652.0
572,2022-04-19,133.55,133.55,-1.8,100.0,13355.0
573,2022-04-20,133.85,133.85,0.22,12270.0,1657966.3
574,2022-04-21,134.0,134.0,0.11,2285.0,311321.25
575,2022-04-22,135.0,135.0,0.75,38511.0,5198774.8
576,2022-04-25,133.45,133.45,-1.15,20230.0,2730665.0
577,2022-04-26,136.0,136.0,1.91,15401.0,2079209.55
578,2022-04-27,134.05,134.05,-1.43,850.0,115092.5
579,2022-04-28,139.95,139.95,4.4,22199.0,3097869.45
580,2022-04-29,139.0,139.0,-0.68,57275.0,7966869.1
581,2022-05-01,119.3,119.3,0.13,272.0,32042.6
582,2022-05-04,131.8,131.8,2.17,316.0,41063.6
583,2022-05-05,139.6,139.6,-0.29,909.0,127617.15
584,2022-05-07,120.0,120.0,0.5,2170.0,260745.0
585,2022-05-08,130.0,130.0,3.17,11563.0,1466887.75
586,2022-05-09,129.5,129.5,-1.89,95.0,12294.9
587,2022-05-10,127.9,127.9,0.0,10.0,1279.0
588,2022-05-13,137.0,137.0,2.12,788.0,107078.6
589,2022-05-16,138.0,138.0,0.73,17312.0,2377160.75
590,2022-05-17,135.3,135.3,-1.96,280.0,37872.45
591,2022-05-18,138.45,138.45,2.33,941.0,126250.35
592,2022-05-19,138.45,138.45,0.0,0.0,0.0
593,2022-05-20,130.5,130.5,-5.74,3794.0,495360.5
594,2022-05-23,134.9,134.9,3.37,403.0,52891.65
595,2022-05-24,134.0,134.0,-0.67,237.0,31390.0
596,2022-05-25,136.4,136.4,1.79,347.0,46231.05
597,2022-05-26,135.0,135.0,-1.03,254.0,34165.7
598,2022-05-27,130.2,130.2,0.31,8434.0,1098022.25
599,2022-05-30,129.0,129.0,-0.92,538.0,69319.3
600,2022-05-31,129.95,129.95,0.74,5293.0,682602.5
601,2022-06-01,120.0,120.0,0.59,77753.0,9294815.2
602,2022-06-04,131.8,131.8,0.0,31.0,4085.8
603,2022-06-05,140.75,140.75,0.82,277.0,38585.0
604,2022-06-06,129.0,129.0,0.0,20911.0,2697501.0
605,2022-06-07,120.0,120.0,0.0,558.0,66930.0
606,2022-06-09,130.0,130.0,0.39,2002.0,260260.0
607,2022-06-10,126.0,126.0,-1.49,1040.0,131046.6
608,2022-06-13,128.2,128.2,-0.23,52092.0,6678161.65
609,2022-06-14,125.0,125.0,-2.5,13774.0,1724606.6
610,2022-06-15,124.0,124.0,-0.8,8206.0,1017480.0
611,2022-06-16,125.5,125.5,1.21,31767.0,3983281.25
612,2022-06-17,128.0,128.0,1.99,37663.0,4740867.8
613,2022-06-20,124.15,124.15,-3.01,747.0,92754.9
614,2022-06-21,124.4,124.4,0.2,14474.0,1800565.6
615,2022-06-22,124.0,124.0,-0.32,185.0,22976.75
616,2022-06-23,119.0,119.0,-4.03,7130.0,848913.25
617,2022-06-24,112.0,112.0,-5.88,4820.0,540563.55
618,2022-06-27,118.6,118.6,5.89,3075.0,364686.0
619,2022-06-28,122.0,122.0,2.87,513.0,62541.8
620,2022-06-29,120.1,120.1,-1.56,6316.0,766331.5
621,2022-06-30,126.5,126.5,5.33,22577.0,2855240.5
622,2022-07-01,125.0,125.0,4.17,9870.0,1219684.4
623,2022-07-02,142.0,142.0,1.43,3252.0,460129.65
624,2022-07-03,125.0,125.0,-1.57,24092.0,2937406.7
625,2022-07-04,130.0,130.0,-1.37,580.0,75295.95
626,2022-07-06,129.0,129.0,0.0,10327.0,1331698.3
627,2022-07-07,125.0,125.0,4.17,1579.0,194652.7
628,2022-07-09,132.0,132.0,1.54,110.0,14320.0
629,2022-07-10,125.6,125.6,-0.32,1372.0,172855.2
630,2022-07-11,120.0,120.0,0.0,0.0,0.0
631,2022-07-13,127.4,127.4,0.0,0.0,0.0
632,2022-07-14,127.5,127.5,0.08,350.0,44532.15
633,2022-07-15,130.0,130.0,1.96,13563.0,1728562.0
634,2022-07-18,130.0,130.0,0.0,1554.0,202026.0
635,2022-07-19,128.0,128.0,-1.54,3429.0,442943.0
636,2022-07-20,128.0,128.0,0.0,394.0,50512.0
637,2022-07-21,130.0,130.0,1.56,76.0,9646.0
638,2022-07-22,129.0,129.0,-0.77,3500.0,451500.0
639,2022-07-25,129.0,129.0,0.0,59.0,7521.4
640,2022-07-26,129.0,129.0,0.0,31.0,3999.95
641,2022-07-27,128.95,128.95,-0.04,7.0,902.65
642,2022-07-28,128.95,128.95,0.0,0.0,0.0
643,2022-07-29,130.0,130.0,0.81,1191.0,154489.0
644,2022-08-02,143.7,143.7,1.2,21920.0,3113419.3
645,2022-08-03,132.0,132.0,5.6,16268.0,2124482.35
646,2022-08-04,130.0,130.0,0.0,9181.0,1190904.45
647,2022-08-06,128.95,128.95,-0.04,12035.0,1552371.5
648,2022-08-07,125.0,125.0,0.0,3166.0,396075.85
649,2022-08-08,130.0,130.0,0.0,6.0,780.0
650,2022-08-09,130.0,130.0,-1.52,1970.0,256070.0
651,2022-08-11,114.55,114.55,-4.54,20.0,2315.5
652,2022-08-15,133.5,133.5,2.69,1112.0,148147.05
653,2022-08-16,133.0,133.0,-0.37,20.0,2679.0
654,2022-08-17,130.0,130.0,-2.26,806.0,104780.0
655,2022-08-18,132.0,132.0,1.54,101.0,13132.0
656,2022-08-19,131.5,131.5,-0.38,1181.0,155096.3
657,2022-08-22,131.5,131.5,0.0,25.0,3289.0
658,2022-08-23,131.5,131.5,0.0,774.0,100873.5
659,2022-08-24,132.0,132.0,0.38,220.0,28628.6
660,2022-08-25,128.55,128.55,-2.61,20.0,2571.2
661,2022-08-26,132.8,132.8,3.31,4580.0,604215.6
662,2022-08-29,129.15,129.15,-2.75,15.0,1937.25
663,2022-08-30,131.5,131.5,1.82,600.0,78472.5
664,2022-08-31,131.5,131.5,0.0,4928.0,645462.9
665,2022-09-02,139.6,139.6,-2.85,4114.0,576589.3
666,2022-09-03,131.05,131.05,-0.72,3724.0,497118.65
667,2022-09-05,139.0,139.0,-1.24,195.0,27061.6
668,2022-09-06,127.6,127.6,-1.05,43.0,5498.3
669,2022-09-08,129.0,129.0,-0.77,40.0,5074.5
670,2022-09-09,132.0,132.0,1.54,5896.0,772630.4
671,2022-09-11,115.0,115.0,0.39,30.0,3455.55
672,2022-09-13,130.0,130.0,1.56,918.0,118836.3
673,2022-09-14,133.0,133.0,2.31,6142.0,810625.1
674,2022-09-15,135.7,135.7,2.03,340.0,45894.6
675,2022-09-16,135.0,135.0,-0.52,4295.0,579821.0
676,2022-09-19,135.5,135.5,0.37,118.0,15717.0
677,2022-09-20,135.6,135.6,0.07,20.0,2710.8
678,2022-09-21,132.0,132.0,-2.65,265.0,35160.0
679,2022-09-22,132.0,132.0,0.0,5300.0,699563.1
680,2022-09-23,135.0,135.0,2.27,7418.0,1000570.1
681,2022-09-26,130.5,130.5,-3.33,10.0,1305.0
682,2022-09-27,134.8,134.8,3.3,57.0,7684.8
683,2022-09-28,127.65,127.65,-5.3,17693.0,2265107.8
684,2022-09-29,127.0,127.0,-0.51,32745.0,4117577.2
685,2022-09-30,127.0,127.0,0.0,21000.0,2667195.5
686,2022-10-01,132.45,132.45,5.96,27773.0,3648708.95
687,2022-10-02,141.0,141.0,1.0,5528.0,777426.4
688,2022-10-03,127.0,127.0,-3.09,8412.0,1095030.0
689,2022-10-05,135.0,135.0,-2.88,3198.0,433558.85
690,2022-10-06,128.5,128.5,0.71,64702.0,8329964.5
691,2022-10-08,130.0,130.0,0.78,71.0,9139.7
692,2022-10-11,116.9,116.9,1.65,731.0,82684.25
693,2022-10-13,125.25,125.25,0.2,145.0,18151.15
694,2022-10-14,128.0,128.0,2.2,8748.0,1118712.55
695,2022-10-17,128.0,128.0,0.0,1.0,128.0
696,2022-10-18,123.0,123.0,-3.91,15.0,1845.0
697,2022-10-19,121.7,121.7,-1.06,263.0,32135.9
698,2022-10-20,117.0,117.0,-3.86,6416.0,748260.6
699,2022-10-21,118.0,118.0,0.85,10945.0,1288414.3
700,2022-10-24,120.0,120.0,1.69,1182.0,136051.5
701,2022-10-25,114.5,114.5,-4.58,486.0,57264.75
702,2022-10-26,118.95,118.95,3.89,130.0,14938.85
703,2022-10-27,119.65,119.65,0.59,57.0,6822.6
704,2022-10-28,119.85,119.85,0.17,5110.0,611957.45
705,2022-10-31,116.25,116.25,-3.0,49.0,5691.25
706,2022-11-02,139.6,139.6,-0.99,22435.0,3151275.75
707,2022-11-03,132.0,132.0,3.94,7595.0,1004138.6
708,2022-11-04,131.0,131.0,0.77,1013.0,132884.5
709,2022-11-05,135.8,135.8,0.59,887.0,117818.05
710,2022-11-08,133.0,133.0,2.31,889.0,117765.2
711,2022-11-10,125.1,125.1,-0.4,96.0,12020.35
712,2022-11-11,119.0,119.0,1.8,2336.0,274418.8
713,2022-11-14,119.0,119.0,0.0,22.0,2546.0
714,2022-11-15,115.6,115.6,-2.86,1692.0,201172.1
715,2022-11-16,119.0,119.0,2.94,372.0,43987.55
716,2022-11-17,122.5,122.5,2.94,460.0,55927.0
717,2022-11-21,120.0,120.0,-2.04,12155.0,1457233.5
718,2022-11-22,119.95,119.95,-0.04,718.0,83514.1
719,2022-11-23,119.95,119.95,0.0,70.0,8311.5
720,2022-11-24,119.95,119.95,0.0,224.0,26785.9
721,2022-11-25,119.95,119.95,0.0,0.0,0.0
722,2022-11-28,115.6,115.6,-3.63,27.0,3164.2
723,2022-11-29,118.9,118.9,2.85,822.0,95007.6
724,2022-11-30,118.95,118.95,0.04,140.0,16588.9
725,2022-12-01,136.5,136.5,3.06,9895.0,1342360.15
726,2022-12-04,134.0,134.0,2.29,2991.0,394385.6
727,2022-12-05,134.15,134.15,-1.22,114.0,15114.9
728,2022-12-07,127.4,127.4,1.92,35.0,4438.0
729,2022-12-08,130.0,130.0,-2.26,1688.0,219546.0
730,2022-12-09,128.0,128.0,-3.03,3176.0,415236.45
731,2022-12-10,125.0,125.0,-0.08,1119.0,139945.15
